HospitalCode,HospitalName
APGD,ACCOMPLISH GROUP SUPPORT LIMITED
RCF,AIREDALE NHS FOUNDATION TRUST
RBS,ALDER HEY CHILDREN'S NHS FOUNDATION TRUST
NT401,ALEXANDRA HOSPITAL
A7RH,ALTERNATIVE FUTURES GROUP LIMITED
S0L9O,ANGLIA COMMUNITY EYE SERVICE - BIRMINGHAM
H7X1I,ANGLIA COMMUNITY EYE SERVICE - CAMBRIDGE
Z4F8Y,ANGLIA COMMUNITY EYE SERVICE - DARTFORD
N1M9Z,ANGLIA COMMUNITY EYE SERVICE - EXETER
I7G8X,ANGLIA COMMUNITY EYE SERVICE - NEWCASTLE
O9Q4E,ANGLIA COMMUNITY EYE SERVICE - PETERBOROUGH
NX507,ANGLIA COMMUNITY EYE SERVICE - THETFORD HEALTHY LIVING CENTRE
NX501,ANGLIA COMMUNITY EYE SERVICE LTD
NX504,ANGLIA COMMUNITY EYE SERVICES FAKENHAM
RTK,ASHFORD AND ST PETER'S HOSPITALS NHS FOUNDATION TRUST
NVC01,ASHTEAD HOSPITAL
NXP37,ASPEN CENTRE
RVN,AVON AND WILTSHIRE MENTAL HEALTH PARTNERSHIP NHS TRUST
A00L,BARCHESTER HEALTHCARE HOMES LIMITED
RF4,"BARKING, HAVERING AND REDBRIDGE UNIVERSITY HOSPITALS NHS TRUST"
RFF,BARNSLEY HOSPITAL NHS FOUNDATION TRUST
R1H,BARTS HEALTH NHS TRUST
RDD,BASILDON AND THURROCK UNIVERSITY HOSPITALS NHS FOUNDATION TRUST
NT402,BATH CLINIC
NVC0I,BEACON PARK HOSPITAL
NT403,BEARDWOOD HOSPITAL
NT404,BEAUMONT HOSPITAL
RC1,BEDFORD HOSPITAL NHS TRUST
RC9,BEDFORDSHIRE HOSPITALS NHS FOUNDATION TRUST
NWF01,BENENDEN HOSPITAL
RWX,BERKSHIRE HEALTHCARE NHS FOUNDATION TRUST
NWX11,BICS-COMMUNITY
RYW,BIRMINGHAM COMMUNITY HEALTHCARE NHS FOUNDATION TRUST
RQ3,BIRMINGHAM WOMEN'S AND CHILDREN'S NHS FOUNDATION TRUST
NT405,BISHOPS WOOD HOSPITAL
NT406,BLACKHEATH HOSPITAL
RXL,BLACKPOOL TEACHING HOSPITALS NHS FOUNDATION TRUST
NVC31,BLAKELANDS HOSPITAL
NHW04,BLANDFORD HOSPITAL (STANDARD HEALTH)
RMC,BOLTON NHS FOUNDATION TRUST
NVC27,BOSTON WEST HOSPITAL
TAD,BRADFORD DISTRICT CARE NHS FOUNDATION TRUST
RAE,BRADFORD TEACHING HOSPITALS NHS FOUNDATION TRUST
RXH,BRIGHTON AND SUSSEX UNIVERSITY HOSPITALS NHS TRUST
C38N,BROMLEY HEALTHCARE COMMUNITY INTEREST COMPANY
RXQ,BUCKINGHAMSHIRE HEALTHCARE NHS TRUST
A4M8P,BUCKSHAW HOSPITAL
D4C7Z,BURCOT HALL HOSPITAL
RWY,CALDERDALE AND HUDDERSFIELD NHS FOUNDATION TRUST
RGT,CAMBRIDGE UNIVERSITY HOSPITALS NHS FOUNDATION TRUST
C50G,CAMBRIDGESHIRE AND PETERBOROUGH NHS FOUNDATION TRUST
NT451,CAVELL HOSPITAL
RV3,CENTRAL AND NORTH WEST LONDON NHS FOUNDATION TRUST
NT408,CHAUCER HOSPITAL
O1X4X,CHEC ACCRINGTON
M1P7A,CHEC BASINGSTOKE
U3S8Q,CHEC BATTERSEA
X9U9R,CHEC BLACKPOOL
D7D7J,CHEC COVENTRY
G1G4T,CHEC ILFORD
V9C4Q,CHEC LEICESTER
C5P5G,CHEC MILTON KEYNES
O7O8S,CHEC NEW CROSS
L3M9Z,CHEC NEWCASTLE
U1Y1V,CHEC NORTHAMPTON
W1O5A,CHEC NOTTINGHAM
Z9G5F,CHEC PRESTON
U4H3N,CHEC SHEFFIELD
Q7H3A,CHEC SLOUGH
O0P8A,CHEC STEVENAGE
K0B8K,CHEC STOCKPORT
N4X3H,CHEC STOKE
B7B7Y,CHEC WARRINGTON
H5K0B,CHEC WATFORD
U6E3R,CHEC WORCESTER
RQM,CHELSEA AND WESTMINSTER HOSPITAL NHS FOUNDATION TRUST
NT409,CHELSFIELD PARK HOSPITAL
RFS,CHESTERFIELD ROYAL HOSPITAL NHS FOUNDATION TRUST
NT410,CHILTERN HOSPITAL
F9Z4V,CIRCLE READING HOSPITAL
A0EE,CITY HEALTH CARE PARTNERSHIP CIC
B3M1X,CLAREMONT PRIVATE HOSPITAL
NT411,CLEMENTINE CHURCHILL HOSPITAL
NVC28,CLIFTON PARK HOSPITAL
NVC29,COBALT HOSPITAL
NVM01,COBHAM DAY SURGERY HOSPITAL
AAV02,COMMUNITY HEALTH AND EYECARE LIMITED (PRESTON)
NMG,CONNECT HEALTH LIMITED
C50C,CORNWALL PARTNERSHIP NHS FOUNDATION TRUST
RJ8,CORNWALL PARTNERSHIP NHS FOUNDATION TRUST
RJR,COUNTESS OF CHESTER HOSPITAL NHS FOUNDATION TRUST
RJR-X,COUNTESS OF CHESTER HOSPITAL NHS FOUNDATION TRUST
RXP,COUNTY DURHAM AND DARLINGTON NHS FOUNDATION TRUST
RYG,COVENTRY AND WARWICKSHIRE PARTNERSHIP NHS TRUST
RJ6,CROYDON HEALTH SERVICES NHS TRUST
RX4,"CUMBRIA, NORTHUMBERLAND, TYNE AND WEAR NHS FOUNDATION TRUST"
RN7-X,DARTFORD AND GRAVESHAM NHS TRUST
RN7,DARTFORD AND GRAVESHAM NHS TRUST
RY8,DERBYSHIRE COMMUNITY HEALTH SERVICES NHS FOUNDATION TRUST
RXM,DERBYSHIRE HEALTHCARE NHS FOUNDATION TRUST
NR505,DERRIFORD HOSPITAL CLINIC
RP5,DONCASTER AND BASSETLAW TEACHING HOSPITALS NHS FOUNDATION TRUST
RBD,DORSET COUNTY HOSPITAL NHS FOUNDATION TRUST
RDY,DORSET HEALTHCARE UNIVERSITY NHS FOUNDATION TRUST
NT412,DROITWICH SPA HOSPITAL
NVC04,DUCHY HOSPITAL
NT447,DUCHY HOSPITAL
RWH,EAST AND NORTH HERTFORDSHIRE NHS TRUST
RJN,EAST CHESHIRE NHS TRUST
RVV,EAST KENT HOSPITALS UNIVERSITY NHS FOUNDATION TRUST
RXR,EAST LANCASHIRE HOSPITALS NHS TRUST
RWK,EAST LONDON NHS FOUNDATION TRUST
Y61,EAST OF ENGLAND COMMISSIONING REGION
RDE,EAST SUFFOLK AND NORTH ESSEX NHS FOUNDATION TRUST
RXC,EAST SUSSEX HEALTHCARE NHS TRUST
NAX03,ECCH BECCLES HOSPITAL
NT445,EDGBASTON HOSPITAL
ENGLAND,ENGLAND
RVR-X,EPSOM AND ST HELIER UNIVERSITY HOSPITALS NHS TRUST
RVR,EPSOM AND ST HELIER UNIVERSITY HOSPITALS NHS TRUST
NVM03,EPSOM DAY SURGERY (EPSOM SQUARE CLINICS)
NVM02,EPSOM DAY SURGERY LIMITED
R1L,ESSEX PARTNERSHIP UNIVERSITY NHS FOUNDATION TRUST
NVC05,EUXTON HALL HOSPITAL
NVC0Y,EXETER MEDICAL
NVG01,FAIRFIELD HOSPITAL
NVC06,FITZWILLIAM HOSPITAL
K6S0J,FORTIUS CLINIC LONDON (WIGMORE STREET)
RDU,FRIMLEY HEALTH NHS FOUNDATION TRUST
NVC07,FULWOOD HALL HOSPITAL
RR7,GATESHEAD HEALTH NHS FOUNDATION TRUST
RR7-X,GATESHEAD HEALTH NHS FOUNDATION TRUST
RLT,GEORGE ELIOT HOSPITAL NHS TRUST
K8I4X,GLENDON WOOD HOSPITAL
RTQ,GLOUCESTERSHIRE HEALTH AND CARE NHS FOUNDATION TRUST
RTE,GLOUCESTERSHIRE HOSPITALS NHS FOUNDATION TRUST
NT417,GORING HALL HOSPITAL
NWV01,GP CARE UK
NDAH9,GRAVESHAM COMMUNITY HOSPITAL
RP4,GREAT ORMOND STREET HOSPITAL FOR CHILDREN NHS FOUNDATION TRUST
RN3,GREAT WESTERN HOSPITALS NHS FOUNDATION TRUST
RJ1-X,GUY'S AND ST THOMAS' NHS FOUNDATION TRUST
RJ1,GUY'S AND ST THOMAS' NHS FOUNDATION TRUST
RW1,HAMPSHIRE AND ISLE OF WIGHT HEALTHCARE NHS FOUNDATION TRUST
NT418,HAMPSHIRE CLINIC
RN5,HAMPSHIRE HOSPITALS NHS FOUNDATION TRUST
RN5-X,HAMPSHIRE HOSPITALS NHS FOUNDATION TRUST
NT419,HARBOUR HOSPITAL
RCD,HARROGATE AND DISTRICT NHS FOUNDATION TRUST
AWFD,HCRG CARE SERVICES LTD
NT416,HENDON HOSPITAL
R1A,HEREFORDSHIRE AND WORCESTERSHIRE HEALTH AND CARE NHS TRUST
RY4,HERTFORDSHIRE COMMUNITY NHS TRUST
RWR,HERTFORDSHIRE PARTNERSHIP UNIVERSITY NHS FOUNDATION TRUST
NT420,HIGHFIELD HOSPITAL
Y7M2R,HIGHGATE HOSPITAL GENDER SERVICE
RQX,HOMERTON HEALTHCARE NHS FOUNDATION TRUST
NXM03,HORDER HEALTHCARE SEAFORD
NMM01,HOSPITAL OF ST JOHN AND ST ELIZABETH (GROVE END ROAD)
RY9,HOUNSLOW AND RICHMOND COMMUNITY HEALTHCARE NHS TRUST
NT448,HUDDERSFIELD HOSPITAL
RWA,HULL UNIVERSITY TEACHING HOSPITALS NHS TRUST
RV9,HUMBER TEACHING NHS FOUNDATION TRUST
RYJ,IMPERIAL COLLEGE HEALTHCARE NHS TRUST
NCR01,ISIGHT (SOUTHPORT)
R1F,ISLE OF WIGHT NHS TRUST
R1F-X,ISLE OF WIGHT NHS TRUST
RGP,JAMES PAGET UNIVERSITY HOSPITALS NHS FOUNDATION TRUST
RYY,KENT COMMUNITY HEALTH NHS FOUNDATION TRUST
RNQ,KETTERING GENERAL HOSPITAL NHS FOUNDATION TRUST
ADP02,KIMS HOSPITAL (NEWNHAM COURT)
RJZ,KING'S COLLEGE HOSPITAL NHS FOUNDATION TRUST
NT421,KINGS OAK HOSPITAL
NXP21,KINGSKERSWELL HEALTH CENTRE
RAX,KINGSTON AND RICHMOND NHS FOUNDATION TRUST
RAX,KINGSTON HOSPITAL NHS FOUNDATION TRUST
RW5,LANCASHIRE & SOUTH CUMBRIA NHS FOUNDATION TRUST
RXN,LANCASHIRE TEACHING HOSPITALS NHS FOUNDATION TRUST
NT449,LANCASTER HOSPITAL
RR8,LEEDS TEACHING HOSPITALS NHS TRUST
RT5,LEICESTERSHIRE PARTNERSHIP NHS TRUST
RJ2,LEWISHAM AND GREENWICH NHS TRUST
NT450,LINCOLN HOSPITAL
RY5,LINCOLNSHIRE COMMUNITY HEALTH SERVICES NHS TRUST
RY5-X,LINCOLNSHIRE COMMUNITY HEALTH SERVICES NHS TRUST
RBQ,LIVERPOOL HEART AND CHEST HOSPITAL NHS FOUNDATION TRUST
REM,LIVERPOOL UNIVERSITY HOSPITALS NHS FOUNDATION TRUST
REP,LIVERPOOL WOMEN'S NHS FOUNDATION TRUST
NDAJ0,LIVINGSTONE COMMUNITY HOSPITAL
8A718,LONDON CLINIC
Y56,LONDON COMMISSIONING REGION
NT422,LONDON INDEPENDENT HOSPITAL
R1K,LONDON NORTH WEST UNIVERSITY HEALTHCARE NHS TRUST
RWF,MAIDSTONE AND TUNBRIDGE WELLS NHS TRUST
NN501,MANCHESTER SURGICAL SERVICES - TRAFFORD HOSPITAL
R0A,MANCHESTER UNIVERSITY NHS FOUNDATION TRUST
R0A-X,MANCHESTER UNIVERSITY NHS FOUNDATION TRUST
NT423,MANOR HOSPITAL
AE4H,MEDWAY COMMUNITY HEALTHCARE C.I.C
RPA,MEDWAY NHS FOUNDATION TRUST
NT424,MERIDEN HOSPITAL
RBN,MERSEY AND WEST LANCASHIRE TEACHING HOSPITALS NHS TRUST
RW4,MERSEY CARE NHS FOUNDATION TRUST
RAJ,MID AND SOUTH ESSEX NHS FOUNDATION TRUST
RBT,MID CHESHIRE HOSPITALS NHS FOUNDATION TRUST
RQ8,MID ESSEX HOSPITAL SERVICES NHS TRUST
RXF-X,MID YORKSHIRE TEACHING NHS TRUST
RXF,MID YORKSHIRE TEACHING NHS TRUST
Y60,MIDLANDS COMMISSIONING REGION
RRE,MIDLANDS PARTNERSHIP NHS FOUNDATION TRUST
RRE,MIDLANDS PARTNERSHIP UNIVERSITY NHS FOUNDATION TRUST
RD8,MILTON KEYNES UNIVERSITY HOSPITAL NHS FOUNDATION TRUST
RP6,MOORFIELDS EYE HOSPITAL NHS FOUNDATION TRUST
NT455,MOUNT ALVERNIA HOSPITAL
NR527,MOUNT GOULD HOSPITAL
NVC08,MOUNT STUART HOSPITAL
C2GN,NAVIGO HEALTH AND SOCIAL CARE CIC
NVC09,NEW HALL HOSPITAL
R7W2O,NEWCASTLE NEWMEDICA LTD
S1Z4X,NEWMEDICA - BIRMINGHAM
ACG22,NEWMEDICA - BRIGG - RIVERSIDE SURGERY
ACG20,NEWMEDICA - BRISTOL - LITFIELD HOUSE
ACG36,NEWMEDICA - EXETER - GLEN HOUSE
ACG41,NEWMEDICA - FROME
ACG13,NEWMEDICA - GLOUCESTER (ASPEN MEDICAL CENTRE)
L0D9W,NEWMEDICA - GLOUCESTER (BRIGHOUSE COURT)
L4R3R,NEWMEDICA - HAMPSHIRE
ACG37,NEWMEDICA - IPSWICH
ACG38,NEWMEDICA - LANGFORD
ACG26,NEWMEDICA - NORTH DERBYSHIRE - MIDLAND COURT
M4C5R,NEWMEDICA - NORTHAMPTON
B5M7B,NEWMEDICA - NORWICH
B1A5K,NEWMEDICA - NOTTINGHAM
J3J8Z,NEWMEDICA - OXFORDSHIRE
P5Y6K,NEWMEDICA - SHREWSBURY
ACG39,NEWMEDICA - SWINDON
ACG24,NEWMEDICA - TEESSIDE - NORTH ORMESBY
ACG40,NEWMEDICA - WAKEFIELD
ACG31,NEWMEDICA - WORCESTER
H4J9P,NEWMEDICA AZTEC WEST
ACG19,NEWMEDICA COMMUNITY OPHTHALMOLOGY - LEEDS
ACG07,NEWMEDICA COMMUNITY OPHTHALMOLOGY - LEICESTERSHIRE - LEICESTER (STONEYGATE EYE HOSPITAL)
ACG12,NEWMEDICA COMMUNITY OPHTHALMOLOGY - NORTH EAST LINCOLNSHIRE - GRIMSBY
A4Q9X,NEWMEDICA LEICESTER
RM1,NORFOLK AND NORWICH UNIVERSITY HOSPITALS NHS FOUNDATION TRUST
RY3,NORFOLK COMMUNITY HEALTH AND CARE NHS TRUST
RVJ,NORTH BRISTOL NHS TRUST
RVJ-X,NORTH BRISTOL NHS TRUST
RNN,NORTH CUMBRIA INTEGRATED CARE NHS FOUNDATION TRUST
RNL,NORTH CUMBRIA UNIVERSITY HOSPITALS NHS TRUST
NVC11,NORTH DOWNS HOSPITAL
Y63,NORTH EAST AND YORKSHIRE COMMISSIONING REGION
RAT,NORTH EAST LONDON NHS FOUNDATION TRUST
TAF,NORTH LONDON NHS FOUNDATION TRUST
RAP,NORTH MIDDLESEX UNIVERSITY HOSPITAL NHS TRUST
RLY,NORTH STAFFORDSHIRE COMBINED HEALTHCARE NHS TRUST
RVW,NORTH TEES AND HARTLEPOOL NHS FOUNDATION TRUST
RGN,NORTH WEST ANGLIA NHS FOUNDATION TRUST
Y62,NORTH WEST COMMISSIONING REGION
RNS,NORTHAMPTON GENERAL HOSPITAL NHS TRUST
RP1,NORTHAMPTONSHIRE HEALTHCARE NHS FOUNDATION TRUST
RM3,NORTHERN CARE ALLIANCE NHS FOUNDATION TRUST
RBZ,NORTHERN DEVON HEALTHCARE NHS TRUST
RJL-X,NORTHERN LINCOLNSHIRE AND GOOLE NHS FOUNDATION TRUST
RJL,NORTHERN LINCOLNSHIRE AND GOOLE NHS FOUNDATION TRUST
RTF,NORTHUMBRIA HEALTHCARE NHS FOUNDATION TRUST
DFQ01,NORWICH & NORFOLK SURGICAL LTD (N2S)
RX1,NOTTINGHAM UNIVERSITY HOSPITALS NHS TRUST
RHA,NOTTINGHAMSHIRE HEALTHCARE NHS FOUNDATION TRUST
NQH25,NOVUS HEALTH (SANDAL CASTLE MEDICAL CENTRE)
U9C3Y,NUFFIELD HEALTH AT ST BARTHOLOMEW'S HOSPITAL
G3Q3Z,NUFFIELD HEALTH HIGHGATE HOSPITAL
R0F4N,NUFFIELD HEALTH PARKSIDE HOSPITAL
H4I8B,NUFFIELD HEALTH THE HOLLY HOSPITAL
NT202,"NUFFIELD HEALTH, BOURNEMOUTH HOSPITAL"
NT204,"NUFFIELD HEALTH, BRENTWOOD HOSPITAL"
NT205,"NUFFIELD HEALTH, BRIGHTON HOSPITAL"
NT206,"NUFFIELD HEALTH, BRISTOL HOSPITAL (CHESTERFIELD)"
NT209,"NUFFIELD HEALTH, CAMBRIDGE HOSPITAL"
NT211,"NUFFIELD HEALTH, CHELTENHAM HOSPITAL"
NT212,"NUFFIELD HEALTH, CHICHESTER HOSPITAL"
NT213,"NUFFIELD HEALTH, DERBY HOSPITAL"
NT215,"NUFFIELD HEALTH, EXETER HOSPITAL"
NT216,"NUFFIELD HEALTH, GUILDFORD HOSPITAL"
NT218,"NUFFIELD HEALTH, HAYWARDS HEATH HOSPITAL"
NT219,"NUFFIELD HEALTH, HEREFORD HOSPITAL"
NT225,"NUFFIELD HEALTH, LEEDS HOSPITAL"
NT226,"NUFFIELD HEALTH, LEICESTER HOSPITAL"
NT229,"NUFFIELD HEALTH, NEWCASTLE UPON TYNE HOSPITAL"
NT230,"NUFFIELD HEALTH, NORTH STAFFORDSHIRE HOSPITAL"
NT233,"NUFFIELD HEALTH, PLYMOUTH HOSPITAL"
NT235,"NUFFIELD HEALTH, SHREWSBURY HOSPITAL"
NT238,"NUFFIELD HEALTH, TAUNTON HOSPITAL"
NT237,"NUFFIELD HEALTH, TEES HOSPITAL"
NT210,"NUFFIELD HEALTH, THE GROSVENOR HOSPITAL, CHESTER"
NT239,"NUFFIELD HEALTH, TUNBRIDGE WELLS HOSPITAL"
NT224,"NUFFIELD HEALTH, WARWICKSHIRE HOSPITAL"
NT214,"NUFFIELD HEALTH, WESSEX HOSPITAL"
NT241,"NUFFIELD HEALTH, WOKING HOSPITAL"
NT242,"NUFFIELD HEALTH, WOLVERHAMPTON HOSPITAL"
NT245,"NUFFIELD HEALTH, YORK HOSPITAL"
NT244,NUFFIELD HOSPITAL OXFORD (THE MANOR)
NVC12,OAKLANDS HOSPITAL
NVC13,OAKS HOSPITAL
AVQ01,ONE ASHFORD HOSPITAL
AVQ03,ONE HATFIELD HOSPITAL
NNH05,OPTEGRA (BIRMINGHAM EYE HOSPITAL)
NNH04,OPTEGRA (MANCHESTER EYE HOSPITAL)
NNH06,OPTEGRA (SOLENT EYE HOSPITAL)
NNH03,OPTEGRA (SURREY EYE HOSPITAL)
D9E5L,OPTEGRA EYE HOSPITAL BRIGHTON
M2O7D,OPTEGRA EYE HOSPITAL COLCHESTER
G3E7R,OPTEGRA EYE HOSPITAL MAIDSTONE
E4K5T,OPTEGRA EYE HOSPITAL NEWCASTLE
B6Z0N,OPTEGRA EYE HOSPITAL UTTOXETER
A1S9E,OPTEGRA EYE HOSPITAL YORK
NNH07,OPTEGRA LONDON EYE HOSPITAL
NNH02,OPTEGRA YORKSHIRE EYE HOSPITAL
A9R4J,OPTIMAX - LEICESTER
R5J2A,OPTIMAX - NEWTON ABBOT
NQM01,ORTHOPAEDICS & SPINE SPECIALIST HOSPITAL SITE
RNU,OXFORD HEALTH NHS FOUNDATION TRUST
RTH,OXFORD UNIVERSITY HOSPITALS NHS FOUNDATION TRUST
RPG,OXLEAS NHS FOUNDATION TRUST
NVC14,PARK HILL HOSPITAL
NT427,PARK HOSPITAL
NQT5H,PAULTON MEMORIAL HOSPITAL
RW6,PENNINE ACUTE HOSPITALS NHS TRUST
NEQ01,PHOENIX HEALTH SOLUTIONS LIMITED
NVC15,PINEHILL HOSPITAL
NEY01,PIONEER HEALTHCARE LTD - CLAREMONT HOSPITAL
D3O0Z,PLYMOUTH NEWMEDICA LTD
RD3,POOLE HOSPITAL NHS FOUNDATION TRUST
RHU,PORTSMOUTH HOSPITALS UNIVERSITY NATIONAL HEALTH SERVICE TRUST
NT428,PRINCESS MARGARET HOSPITAL
NT429,PRIORY HOSPITAL
NAM01,PROBUS SURGICAL CENTRE
C019,PROVIDE COMMUNITY INTEREST COMPANY
RPC,QUEEN VICTORIA HOSPITAL NHS FOUNDATION TRUST
NVC16,RENACRES HOSPITAL
NT430,RIDGEWAY HOSPITAL
NVC19,RIVERS HOSPITAL
RXE,ROTHERHAM DONCASTER AND SOUTH HUMBER NHS FOUNDATION TRUST
NVC17,ROWLEY HALL HOSPITAL
RHW,ROYAL BERKSHIRE NHS FOUNDATION TRUST
REF,ROYAL CORNWALL HOSPITALS NHS TRUST
REF-X,ROYAL CORNWALL HOSPITALS NHS TRUST
RH8,ROYAL DEVON UNIVERSITY HEALTHCARE NHS FOUNDATION TRUST
RAL,ROYAL FREE LONDON NHS FOUNDATION TRUST
RQ6,ROYAL LIVERPOOL AND BROADGREEN UNIVERSITY HOSPITALS NHS TRUST
RAN,ROYAL NATIONAL ORTHOPAEDIC HOSPITAL NHS TRUST
RGM,ROYAL PAPWORTH HOSPITAL NHS FOUNDATION TRUST
RA2,ROYAL SURREY COUNTY HOSPITAL NHS FOUNDATION TRUST
RD1,ROYAL UNITED HOSPITALS BATH NHS FOUNDATION TRUST
NT431,RUNNYMEDE HOSPITAL
RNZ,SALISBURY NHS FOUNDATION TRUST
RXK-X,SANDWELL AND WEST BIRMINGHAM HOSPITALS NHS TRUST
RXK,SANDWELL AND WEST BIRMINGHAM HOSPITALS NHS TRUST
NT433,SARUM ROAD HOSPITAL
AXG02,SAVERNAKE COMMUNITY HOSPITAL
NT434,SAXON CLINIC
DLY01,SCHOEN CLINIC LONDON (WIGMORE STREET)
RCU,SHEFFIELD CHILDREN'S NHS FOUNDATION TRUST
TAH,SHEFFIELD HEALTH AND SOCIAL CARE NHS FOUNDATION TRUST
RHQ,SHEFFIELD TEACHING HOSPITALS NHS FOUNDATION TRUST
NT435,SHELBURNE HOSPITAL
NDAJ1,SHEPPEY COMMUNITY HOSPITAL
RK5,SHERWOOD FOREST HOSPITALS NHS FOUNDATION TRUST
NT436,SHIRLEY OAKS HOSPITAL
R1D,SHROPSHIRE COMMUNITY HEALTH NHS TRUST
AE1R,SIRONA CARE & HEALTH C.I.C.
NDAJ2,SITTINGBOURNE MEMORIAL HOSPITAL
NT437,SLOANE HOSPITAL
R1C,SOLENT NHS TRUST
RH5,SOMERSET NHS FOUNDATION TRUST
NFH01,SOMERSET SURGICAL SERVICES
Y59,SOUTH EAST COMMISSIONING REGION
RV5,SOUTH LONDON AND MAUDSLEY NHS FOUNDATION TRUST
RTR,SOUTH TEES HOSPITALS NHS FOUNDATION TRUST
R0B,SOUTH TYNESIDE AND SUNDERLAND NHS FOUNDATION TRUST
RJC,SOUTH WARWICKSHIRE UNIVERSITY NHS FOUNDATION TRUST
Y58,SOUTH WEST COMMISSIONING REGION
RQY,SOUTH WEST LONDON AND ST GEORGE'S MENTAL HEALTH NHS TRUST
NT490,SOUTHEND PRIVATE HOSPITAL
RW1,SOUTHERN HEALTH NHS FOUNDATION TRUST
RVY,SOUTHPORT AND ORMSKIRK HOSPITAL NHS TRUST
NPG19,SPAMEDICA BEDFORD
D5P5H,SPAMEDICA BEXHILL
NPG11,SPAMEDICA BIRMINGHAM
C3Y0A,SPAMEDICA BLACKPOOL
NPG08,SPAMEDICA BOLTON
I2C7H,SPAMEDICA BRADFORD
I9A4A,SPAMEDICA BRIGHTON
P1B7M,SPAMEDICA BRISTOL
Y8L9S,SPAMEDICA BROMLEY
E1U4T,SPAMEDICA CARLISLE
NPG16,SPAMEDICA CHELMSFORD
V4U1Y,SPAMEDICA CHESTER
J2H6H,SPAMEDICA COLCHESTER
NPG21,SPAMEDICA COVENTRY
NPG23,SPAMEDICA DERBY
T8V3L,SPAMEDICA DONCASTER
NPG12,SPAMEDICA ECCLESHILL TREATMENT CENTRE
M7C9Q,SPAMEDICA EPSOM
M5E1S,SPAMEDICA EXETER
NPG07,SPAMEDICA EYE HOSPITAL (WAKEFIELD)
Z9Z1G,SPAMEDICA GATESHEAD
A0C5S,SPAMEDICA GLOUCESTER
Z5J5V,SPAMEDICA HAYDOCK
NPG18,SPAMEDICA HULL
R1G7E,SPAMEDICA KENDAL
P0C3F,SPAMEDICA LEEDS
L9D3Z,SPAMEDICA LEICESTER
NPG06,SPAMEDICA LIVERPOOL
NPG01,SPAMEDICA MANCHESTER
G3O5P,SPAMEDICA NEWARK
NPG15,SPAMEDICA NEWCASTLE-UNDER-LYME
G5X2Q,SPAMEDICA NORTH TYNESIDE
M3R0W,SPAMEDICA NORWICH
O1P6X,SPAMEDICA OLDHAM
O5Y9D,SPAMEDICA OXFORD
B9J4U,SPAMEDICA PETERBOROUGH
L6O7H,SPAMEDICA POOLE
NPG17,SPAMEDICA PRESTON
B4N1U,SPAMEDICA ROMFORD
NPG10,SPAMEDICA SHEFFIELD
M0N7E,SPAMEDICA SITTINGBOURNE
NPG13,SPAMEDICA SKELMERSDALE
J7V1N,SPAMEDICA SOLIHULL
B9M3W,SPAMEDICA SOUTHAMPTON
NPG22,SPAMEDICA STOCKTON-ON-TEES
V5F1D,SPAMEDICA TELFORD
E3D4A,SPAMEDICA TRURO
Q1W6P,SPAMEDICA WATFORD
NPG14,SPAMEDICA WIDNES
NPG02,SPAMEDICA WIRRAL
T8R5I,SPAMEDICA WOKINGHAM
NPG20,SPAMEDICA WOLVERHAMPTON
NN802,SPENCER PRIVATE HOSPITALS - ASHFORD
NN804,SPENCER PRIVATE HOSPITALS - CANTERBURY
NN801,SPENCER PRIVATE HOSPITALS - MARGATE
NT312,SPIRE ALEXANDRA HOSPITAL
NT302,SPIRE BRISTOL HOSPITAL
NT315,SPIRE BUSHEY HOSPITAL
NT317,SPIRE CAMBRIDGE LEA HOSPITAL
NT324,SPIRE CHESHIRE HOSPITAL
NT345,SPIRE CLARE PARK HOSPITAL
NT344,SPIRE DUNEDIN HOSPITAL
NT348,SPIRE ELLAND HOSPITAL
NT347,SPIRE FYLDE COAST HOSPITAL
NT308,SPIRE GATWICK PARK HOSPITAL
NT316,SPIRE HARPENDEN HOSPITAL
NT319,SPIRE HARTSWOOD HOSPITAL
NT351,SPIRE HULL AND EAST RIDING HOSPITAL
NT332,SPIRE LEEDS HOSPITAL
NT322,SPIRE LEICESTER HOSPITAL
NT321,SPIRE LITTLE ASTON HOSPITAL
NT337,SPIRE LIVERPOOL HOSPITAL
NT314,SPIRE LONDON EAST
NT327,SPIRE MANCHESTER HOSPITAL
NT350,SPIRE METHLEY PARK HOSPITAL
NT364,SPIRE MONTEFIORE HOSPITAL
NT325,SPIRE MURRAYFIELD HOSPITAL
NT318,SPIRE NORWICH HOSPITAL
NT30A,SPIRE NOTTINGHAM HOSPITAL
NT320,SPIRE PARKWAY HOSPITAL
NT305,SPIRE PORTSMOUTH HOSPITAL
NT339,SPIRE REGENCY HOSPITAL
NT301,SPIRE SOUTH BANK HOSPITAL
NT304,SPIRE SOUTHAMPTON HOSPITAL
NT3X3,SPIRE ST ANTHONY'S HOSPITAL
NT343,SPIRE THAMES VALLEY HOSPITAL
NT310,SPIRE TUNBRIDGE WELLS HOSPITAL
NT333,SPIRE WASHINGTON HOSPITAL
NT313,SPIRE WELLESLEY HOSPITAL
NT338,SPIRE YALE HOSPITAL
NVC18,SPRINGFIELD HOSPITAL
APPT,ST ANDREW'S HEALTHCARE
NT446,ST EDMUNDS HOSPITAL
RJ7,ST GEORGE'S UNIVERSITY HOSPITALS NHS FOUNDATION TRUST
NTE02,ST HUGH'S HOSPITAL
NQT5K,ST MARTINS HOSPITAL
NAM11,ST. CLARE MEDICAL CENTRE
NHW01,STANDARD HEALTH LTD HQ
RWJ,STOCKPORT NHS FOUNDATION TRUST
NVC1H,STOURSIDE HOSPITAL
G3Z1Q,SULIS HOSPITAL BATH (FOXCOTE AVENUE)
RXX,SURREY AND BORDERS PARTNERSHIP NHS FOUNDATION TRUST
RTP,SURREY AND SUSSEX HEALTHCARE NHS TRUST
U8P2Z,SUSSEX COMMUNITY DERMATOLOGY SERVICE (RAINHAM HEALTHY LIVING CENTRE)
R6E4R,SUSSEX COMMUNITY DERMATOLOGY SERVICE (ROCHESTER HEALTHY LIVING CENTRE)
Y4Z7I,SUSSEX COMMUNITY DERMATOLOGY SERVICE (SPRINGHEAD HEALTH)
RDR,SUSSEX COMMUNITY NHS FOUNDATION TRUST
RX2,SUSSEX PARTNERSHIP NHS FOUNDATION TRUST
RMP,TAMESIDE AND GLOSSOP INTEGRATED CARE NHS FOUNDATION TRUST
RBA,TAUNTON AND SOMERSET NHS FOUNDATION TRUST
NNV2J,TEDDINGTON MEMORIAL HOSPITAL
NVC0R,TEES VALLEY HOSPITAL
RX3,"TEES, ESK AND WEAR VALLEYS NHS FOUNDATION TRUST"
AAH01,TETBURY HOSPITAL TRUST
NVC02,THE BERKSHIRE INDEPENDENT HOSPITAL
NVC25,THE CHERWELL HOSPITAL
RBV,THE CHRISTIE NHS FOUNDATION TRUST
REN,THE CLATTERBRIDGE CANCER CENTRE NHS FOUNDATION TRUST
RNA,THE DUDLEY GROUP NHS FOUNDATION TRUST
RAS,THE HILLINGDON HOSPITALS NHS FOUNDATION TRUST
NXM01,THE HORDER CENTRE - ST JOHNS ROAD
NXM04,THE MCINDOE CENTRE
DX101,THE NEW FOSCOTE HOSPITAL (FOSCOTE HOSPITAL)
RTD,THE NEWCASTLE UPON TYNE HOSPITALS NHS FOUNDATION TRUST
RQW,THE PRINCESS ALEXANDRA HOSPITAL NHS TRUST
RCX,"THE QUEEN ELIZABETH HOSPITAL, KING'S LYNN, NHS FOUNDATION TRUST"
RL1,THE ROBERT JONES AND AGNES HUNT ORTHOPAEDIC HOSPITAL NHS FOUNDATION TRUST
RFR,THE ROTHERHAM NHS FOUNDATION TRUST
RDZ,THE ROYAL BOURNEMOUTH AND CHRISTCHURCH HOSPITALS NHS FOUNDATION TRUST
RPY,THE ROYAL MARSDEN NHS FOUNDATION TRUST
RRJ,THE ROYAL ORTHOPAEDIC HOSPITAL NHS FOUNDATION TRUST
RL4,THE ROYAL WOLVERHAMPTON NHS TRUST
RXW,THE SHREWSBURY AND TELFORD HOSPITAL NHS TRUST
DPK01,THE STONEYGATE EYE HOSPITAL - LONDON ROAD
NT255,THE VALE HOSPITAL
RET,THE WALTON CENTRE NHS FOUNDATION TRUST
NVC44,THE WESTBOURNE CENTRE
NVC20,THE YORKSHIRE CLINIC
NT440,THORNBURY HOSPITAL
NT441,THREE SHIRES HOSPITAL
RA9,TORBAY AND SOUTH DEVON NHS FOUNDATION TRUST
NN401,TYNESIDE SURGICAL SERVICES
RWD,UNITED LINCOLNSHIRE HOSPITALS NHS TRUST
RWD,UNITED LINCOLNSHIRE TEACHING HOSPITALS NHS TRUST
RRV,UNIVERSITY COLLEGE LONDON HOSPITALS NHS FOUNDATION TRUST
RHM,UNIVERSITY HOSPITAL SOUTHAMPTON NHS FOUNDATION TRUST
RRK-X,UNIVERSITY HOSPITALS BIRMINGHAM NHS FOUNDATION TRUST
RRK,UNIVERSITY HOSPITALS BIRMINGHAM NHS FOUNDATION TRUST
RA7,UNIVERSITY HOSPITALS BRISTOL AND WESTON NHS FOUNDATION TRUST
RKB,UNIVERSITY HOSPITALS COVENTRY AND WARWICKSHIRE NHS TRUST
R0D,UNIVERSITY HOSPITALS DORSET NHS FOUNDATION TRUST
RTG,UNIVERSITY HOSPITALS OF DERBY AND BURTON NHS FOUNDATION TRUST
RWE,UNIVERSITY HOSPITALS OF LEICESTER NHS TRUST
RTX,UNIVERSITY HOSPITALS OF MORECAMBE BAY NHS FOUNDATION TRUST
RJE,UNIVERSITY HOSPITALS OF NORTH MIDLANDS NHS TRUST
RK9,UNIVERSITY HOSPITALS PLYMOUTH NHS TRUST
RYR,UNIVERSITY HOSPITALS SUSSEX NHS FOUNDATION TRUST
RYR-X,UNIVERSITY HOSPITALS SUSSEX NHS FOUNDATION TRUST
RBK,WALSALL HEALTHCARE NHS TRUST
NTV0S,WALTON COMMUNITY HOSPITAL
AXG03,WARMINSTER COMMUNITY HOSPITAL
RWW,WARRINGTON AND HALTON TEACHING HOSPITALS NHS FOUNDATION TRUST
RWG,WEST HERTFORDSHIRE TEACHING HOSPITALS NHS TRUST
NYG42,WEST KENT DERMATOLOGY - AMHERST MEDICAL PRACTICE
NYG32,WEST KENT DERMATOLOGY - BOROUGH GREEN MEDICAL PRACTICE
NYG39,WEST KENT DERMATOLOGY - EDENBRIDGE & DISTRICT WAR MEMORIAL HOSPITAL
NYG0A,WEST KENT DERMATOLOGY - LEN VALLEY PRACTICE
NYG31,WEST KENT DERMATOLOGY - SEVENOAKS HOSPITAL
NYG0E,WEST KENT DERMATOLOGY - SNODLAND MEDICAL PRACTICE
NYG0D,WEST KENT DERMATOLOGY - THORNHILLS MEDICAL PRACTICE
NVC21,WEST MIDLANDS HOSPITAL
RGR,WEST SUFFOLK NHS FOUNDATION TRUST
NVC0M,WEST VALLEY HOSPITAL
RA3,WESTON AREA HEALTH NHS TRUST
DM801,WEYMOUTH STREET HOSPITAL
NXP17,WHITE HORSE HEALTH CENTRE - IHG
NEY05,WHITE ROSE SURGERY
RKE,WHITTINGTON HEALTH NHS TRUST
AXG01,WILTSHIRE HEALTH & CARE (CHIPPENHAM)
NHW03,WIMBOURNE COMMUNITY HOSPITAL (STANDARD HEALTH)
NVC22,WINFIELD HOSPITAL
NT443,WINTERBOURNE HOSPITAL
RBL,WIRRAL UNIVERSITY TEACHING HOSPITAL NHS FOUNDATION TRUST
NTV0O,WOKING COMMUNITY HOSPITAL
NVC23,WOODLAND HOSPITAL
NT457,WOODLANDS HOSPITAL
NVC40,WOODTHORPE HOSPITAL
RWP,WORCESTERSHIRE ACUTE HOSPITALS NHS TRUST
RWP-X,WORCESTERSHIRE ACUTE HOSPITALS NHS TRUST
RRF,"WRIGHTINGTON, WIGAN AND LEIGH NHS FOUNDATION TRUST"
RLQ,WYE VALLEY NHS TRUST
RA4,YEOVIL DISTRICT HOSPITAL NHS FOUNDATION TRUST
RCB,YORK AND SCARBOROUGH TEACHING HOSPITALS NHS FOUNDATION TRUST
NNV01,YOUR HEALTHCARE (HOLLYFIELD HOUSE)
AELQ,YOUR HEALTHCARE COMMUNITY INTEREST COMPANY
